id,用户,内容,属性,状态,IP,时间,排序,类型,审核管理员,话题
"323854","    Aff：421376461 , 学生黑料 Vip：undefined 余额：0  |  收益：0  认证：否     "," 极品可爱学生妹 俏皮萝莉性感露出自拍 私下主动乘骑男友 被哥哥大屌猛烈抽插 #今日大瓜  极品可爱学生妹 俏皮萝莉性感露出自拍 私下主动乘骑男友 被哥哥大屌猛烈抽插 "," 图片：2  |  视频：1  点赞：0  |  浏览：0  点赞(假)：0  |  浏览(假)：0  评论：0  来源标识： "," 审核：通过 资源：未完成 删除：未删除 订阅：否 置顶：0 | 置精：未置精 打赏次数：0 打赏收益：0 "," ip：113.247.66.206  城市：湖南 "," 创：2026-03-31 13:02:27 改：2026-03-31 16:05:27 ","0","视频","ake123(id: 256)","今日大瓜"
"323853","    Aff：421376461 , 学生黑料 Vip：undefined 余额：0  |  收益：0  认证：否     "," 极品高颜值学生妹 私下约网友见面 吃完饭就开房做爱 被网友后入爆操 反差婊 #达人原创  极品高颜值学生妹 私下约网友见面 吃完饭就开房做爱 被网友后入爆操 反差婊 "," 图片：1  |  视频：1  点赞：0  |  浏览：0  点赞(假)：0  |  浏览(假)：0  评论：0  来源标识： "," 审核：通过 资源：未完成 删除：未删除 订阅：否 置顶：0 | 置精：未置精 打赏次数：0 打赏收益：0 "," ip：113.247.66.206  城市：湖南 "," 创：2026-03-31 13:01:45 改：2026-03-31 16:05:26 ","0","视频","ake123(id: 256)","达人原创"
"323852","    Aff：421375810 , 素人黑料 Vip：undefined 余额：0  |  收益：0  认证：否     "," 高颜值萝莉自慰淫叫淫语扣到爽翻白眼39V视频大合 #今日大瓜   高颜值萝莉自慰淫叫淫语扣到爽翻白眼39V视频大合 "," 图片：2  |  视频：1  点赞：0  |  浏览：0  点赞(假)：0  |  浏览(假)：0  评论：0  来源标识： "," 审核：通过 资源：未完成 删除：未删除 订阅：否 置顶：0 | 置精：未置精 打赏次数：0 打赏收益：0 "," ip：113.247.66.206  城市：湖南 "," 创：2026-03-31 12:59:15 改：2026-03-31 16:05:25 ","0","视频","ake123(id: 256)","今日大瓜"
"323850","    Aff：421375810 , 素人黑料 Vip：undefined 余额：0  |  收益：0  认证：否     "," 眼镜婊微胖自慰女神精神小妹福利姬 #今日大瓜   眼镜婊微胖自慰女神精神小妹福利姬 "," 图片：3  |  视频：1  点赞：10  |  浏览：632  点赞(假)：0  |  浏览(假)：0  评论：0  来源标识： "," 审核：通过 资源：已完成 删除：未删除 订阅：否 置顶：0 | 置精：未置精 打赏次数：0 打赏收益：0 "," ip：113.247.66.206  城市：湖南 "," 创：2026-03-31 12:58:43 改：2026-03-31 20:05:50 ","0","视频","ake123(id: 256)","今日大瓜"
"323848","    Aff：421373656 , 母狗大赛 Vip：undefined 余额：0  |  收益：0  认证：否     "," 湖南大二艺术生高挑身材大长腿比我命还长 戴狗链子调教抬腿后入活成野母狗 交合处全程特写骚到起飞！ #今日大瓜  湖南大二艺术生高挑身材大长腿比我命还长 戴狗链子调教抬腿后入活成野母狗 交合处全程特写骚到起飞！ "," 图片：3  |  视频：1  点赞：2  |  浏览：580  点赞(假)：0  |  浏览(假)：0  评论：0  来源标识： "," 审核：通过 资源：已完成 删除：未删除 订阅：否 置顶：0 | 置精：未置精 打赏次数：0 打赏收益：0 "," ip：113.247.66.206  城市：湖南 "," 创：2026-03-31 12:56:49 改：2026-03-31 20:11:00 ","0","视频","ake123(id: 256)","今日大瓜"
"323846","    Aff：421373656 , 母狗大赛 Vip：undefined 余额：0  |  收益：0  认证：否     "," 颜值女大素颜乖巧眼镜妹跟男友酒店激战 穿着丝袜一边吃鸡一边摸自己的豆豆 被撕开丝袜激烈抽插内射不雅视 #今日大瓜  颜值女大素颜乖巧眼镜妹跟男友酒店激战 穿着丝袜一边吃鸡一边摸自己的豆豆 被撕开丝袜激烈抽插内射不雅视 "," 图片：4  |  视频：1  点赞：1  |  浏览：583  点赞(假)：0  |  浏览(假)：0  评论：0  来源标识： "," 审核：通过 资源：已完成 删除：未删除 订阅：否 置顶：0 | 置精：未置精 打赏次数：0 打赏收益：0 "," ip：113.247.66.206  城市：湖南 "," 创：2026-03-31 12:54:44 改：2026-03-31 20:12:10 ","0","视频","ake123(id: 256)","今日大瓜"
"323835","    Aff：421372732 , 黑料吃瓜马瑞 Vip：undefined 余额：0  |  收益：0  认证：否     "," 热恋中的真实情侣做爱吃鸡后入啪啪日常  分手后被渣男发出泄密不雅视频合集 #今日大瓜  热恋中的真实情侣做爱吃鸡后入啪啪日常  分手后被渣男发出泄密不雅视频合集 "," 图片：2  |  视频：1  点赞：3  |  浏览：481  点赞(假)：0  |  浏览(假)：0  评论：0  来源标识： "," 审核：通过 资源：已完成 删除：未删除 订阅：否 置顶：0 | 置精：未置精 打赏次数：0 打赏收益：0 "," ip：104.28.204.175  城市：火星 "," 创：2026-03-31 12:47:54 改：2026-03-31 20:11:52 ","0","视频","ake123(id: 256)","今日大瓜"
"323834","    Aff：421372732 , 黑料吃瓜马瑞 Vip：undefined 余额：0  |  收益：0  认证：否     "," 忧郁的眼神，身材性感听话懂事，拍拍屁股就知道换个姿势 #今日大瓜  忧郁的眼神，身材性感听话懂事，拍拍屁股就知道换个姿势 "," 图片：2  |  视频：1  点赞：2  |  浏览：318  点赞(假)：0  |  浏览(假)：0  评论：0  来源标识： "," 审核：通过 资源：已完成 删除：未删除 订阅：否 置顶：0 | 置精：未置精 打赏次数：0 打赏收益：0 "," ip：104.28.204.175  城市：火星 "," 创：2026-03-31 12:47:06 改：2026-03-31 20:12:08 ","0","视频","ake123(id: 256)","今日大瓜"
"323829","    Aff：421372732 , 黑料吃瓜马瑞 Vip：undefined 余额：0  |  收益：0  认证：否     "," 非常受欢迎的一位美女 颜值气质绝佳的高材生 现实中非常优秀 个人也非常喜欢 可惜流出资源比较少 #今日大瓜  非常受欢迎的一位美女 颜值气质绝佳的高材生 现实中非常优秀 个人也非常喜欢 可惜流出资源比较少 "," 图片：2  |  视频：1  点赞：1  |  浏览：529  点赞(假)：0  |  浏览(假)：0  评论：0  来源标识： "," 审核：通过 资源：已完成 删除：未删除 订阅：否 置顶：0 | 置精：未置精 打赏次数：0 打赏收益：0 "," ip：104.28.204.175  城市：火星 "," 创：2026-03-31 12:40:57 改：2026-03-31 20:11:50 ","0","视频","ake123(id: 256)","今日大瓜"
"323823","    Aff：421372732 , 黑料吃瓜马瑞 Vip：undefined 余额：0  |  收益：0  认证：否     "," 肉感女生YYDS，南京邮电大学 身材娇嫩的小骚货 李琦玉 #今日大瓜  肉感女生YYDS，南京邮电大学 身材娇嫩的小骚货 李琦玉 "," 图片：1  |  视频：1  点赞：1  |  浏览：327  点赞(假)：0  |  浏览(假)：0  评论：0  来源标识： "," 审核：通过 资源：已完成 删除：未删除 订阅：否 置顶：0 | 置精：未置精 打赏次数：0 打赏收益：0 "," ip：104.28.204.175  城市：火星 "," 创：2026-03-31 12:35:09 改：2026-03-31 19:58:39 ","0","视频","ake123(id: 256)","今日大瓜"
"322993","    Aff：421376461 , 学生黑料 Vip：undefined 余额：0  |  收益：0  认证：否     "," 杭州学舞蹈的小美女李候茹完美露脸，大量生活照，文文静静的小女孩，床上功夫却不逊色很多人 #今日大瓜  杭州学舞蹈的小美女李候茹完美露脸，大量生活照，文文静静的小女孩，床上功夫却不逊色很多人 "," 图片：2  |  视频：1  点赞：8  |  浏览：2463  点赞(假)：0  |  浏览(假)：0  评论：4  来源标识： "," 审核：通过 资源：已完成 删除：未删除 订阅：否 置顶：0 | 置精：未置精 打赏次数：0 打赏收益：0 "," ip：113.247.66.206  城市：湖南 "," 创：2026-03-30 12:40:32 改：2026-03-31 19:55:29 ","0","视频","ake123(id: 256)","今日大瓜"
"322991","    Aff：421376461 , 学生黑料 Vip：undefined 余额：0  |  收益：0  认证：否     "," 最新流出马丹妮稀缺资源 稚嫩校园情侣周末开房尝禁果  青涩尴尬又好笑的对白令人哭笑不得 #今日大瓜  最新流出马丹妮稀缺资源 稚嫩校园情侣周末开房尝禁果  青涩尴尬又好笑的对白令人哭笑不得  "," 图片：1  |  视频：1  点赞：5  |  浏览：4257  点赞(假)：0  |  浏览(假)：0  评论：2  来源标识： "," 审核：通过 资源：已完成 删除：未删除 订阅：否 置顶：0 | 置精：未置精 打赏次数：0 打赏收益：0 "," ip：113.247.66.206  城市：湖南 "," 创：2026-03-30 12:38:50 改：2026-03-31 19:42:13 ","0","视频","ake123(id: 256)","今日大瓜"
"322988","    Aff：421375810 , 素人黑料 Vip：undefined 余额：0  |  收益：0  认证：否     "," 辽宁沈阳王钰蕊，清纯学妹完美露脸，性爱视频流出 深喉口交粉嫩小穴特写 #今日大瓜  辽宁沈阳王钰蕊，清纯学妹完美露脸，性爱视频流出 深喉口交粉嫩小穴特写 "," 图片：1  |  视频：1  点赞：7  |  浏览：2214  点赞(假)：0  |  浏览(假)：0  评论：2  来源标识： "," 审核：通过 资源：已完成 删除：未删除 订阅：否 置顶：0 | 置精：未置精 打赏次数：0 打赏收益：0 "," ip：113.247.66.206  城市：湖南 "," 创：2026-03-30 12:37:50 改：2026-03-31 19:53:04 ","0","视频","ake123(id: 256)","今日大瓜"
"322986","    Aff：421375810 , 素人黑料 Vip：undefined 余额：0  |  收益：0  认证：否     "," 骚逼女大网聊约炮敏感体质一摸就水流不止 吃鸡啪啪超清怼脸特写大量 #今日大瓜  
骚逼女大网聊约炮敏感体质一摸就水流不止 吃鸡啪啪超清怼脸特写大量 "," 图片：2  |  视频：1  点赞：4  |  浏览：1902  点赞(假)：0  |  浏览(假)：0  评论：1  来源标识： "," 审核：通过 资源：已完成 删除：未删除 订阅：否 置顶：0 | 置精：未置精 打赏次数：0 打赏收益：0 "," ip：113.247.66.206  城市：湖南 "," 创：2026-03-30 12:37:16 改：2026-03-31 18:01:40 ","0","视频","ake123(id: 256)","今日大瓜"
"322983","    Aff：421373656 , 母狗大赛 Vip：undefined 余额：0  |  收益：0  认证：否     "," 上海高颜值幼师【刘雨菲】人前女神人后贱母狗，炮友调教成精盆马桶，戴口球求草无比的反差！ #今日大瓜  上海高颜值幼师【刘雨菲】人前女神人后贱母狗，炮友调教成精盆马桶，戴口球求草无比的反差！ "," 图片：2  |  视频：1  点赞：6  |  浏览：1632  点赞(假)：0  |  浏览(假)：0  评论：3  来源标识： "," 审核：通过 资源：已完成 删除：未删除 订阅：否 置顶：0 | 置精：未置精 打赏次数：0 打赏收益：0 "," ip：113.247.66.206  城市：湖南 "," 创：2026-03-30 12:35:30 改：2026-03-31 19:53:40 ","0","视频","ake123(id: 256)","今日大瓜"
"322982","    Aff：421373656 , 母狗大赛 Vip：undefined 余额：0  |  收益：0  认证：否     "," 极品高颜值精致美女完美露脸 美乳大长腿浓密黑森林被男友爆操中出不雅视频 #今日大瓜  极品高颜值精致美女完美露脸 美乳大长腿浓密黑森林被男友爆操中出不雅视频 "," 图片：3  |  视频：1  点赞：0  |  浏览：0  点赞(假)：0  |  浏览(假)：0  评论：0  来源标识： "," 审核：通过 资源：未完成 删除：未删除 订阅：否 置顶：0 | 置精：未置精 打赏次数：0 打赏收益：0 "," ip：113.247.66.206  城市：湖南 "," 创：2026-03-30 12:34:41 改：2026-03-30 14:48:54 ","0","视频","ake123(id: 256)","今日大瓜"
"322981","    Aff：421373213 , 走光黑料 Vip：undefined 余额：0  |  收益：0  认证：否     "," 中央民族大学研究生 中国东方演艺集团演员  被男上司潜规则，男主和北方工业大学石景山那个是同一个人 #今日大瓜  中央民族大学研究生 中国东方演艺集团演员  被男上司潜规则，男主和北方工业大学石景山那个是同一个人 "," 图片：2  |  视频：1  点赞：4  |  浏览：1464  点赞(假)：0  |  浏览(假)：0  评论：2  来源标识： "," 审核：通过 资源：已完成 删除：未删除 订阅：否 置顶：0 | 置精：未置精 打赏次数：0 打赏收益：0 "," ip：113.247.66.206  城市：湖南 "," 创：2026-03-30 12:33:02 改：2026-03-31 19:53:58 ","0","视频","ake123(id: 256)","今日大瓜"
"322980","    Aff：421373213 , 走光黑料 Vip：undefined 余额：0  |  收益：0  认证：否     "," 高颜值极品骚母狗穿着开档黑丝与男友的做爱日常流出原档视频 #今日大瓜  高颜值极品骚母狗穿着开档黑丝与男友的做爱日常流出原档视频 "," 图片：2  |  视频：1  点赞：2  |  浏览：1532  点赞(假)：0  |  浏览(假)：0  评论：1  来源标识： "," 审核：通过 资源：已完成 删除：未删除 订阅：否 置顶：0 | 置精：未置精 打赏次数：0 打赏收益：0 "," ip：113.247.66.206  城市：湖南 "," 创：2026-03-30 12:32:15 改：2026-03-31 18:06:48 ","0","视频","ake123(id: 256)","今日大瓜"
"322979","    Aff：421372732 , 黑料吃瓜马瑞 Vip：undefined 余额：0  |  收益：0  认证：否     "," 极品眼镜御姐怼脸拍摄身材傲人 相机高清拍摄  这画质毫不夸张的说 就连每根汗毛都能看得清 #今日大瓜  极品眼镜御姐怼脸拍摄身材傲人 相机高清拍摄  这画质毫不夸张的说 就连每根汗毛都能看得清 "," 图片：2  |  视频：1  点赞：0  |  浏览：0  点赞(假)：0  |  浏览(假)：0  评论：0  来源标识： "," 审核：通过 资源：未完成 删除：未删除 订阅：否 置顶：0 | 置精：未置精 打赏次数：0 打赏收益：0 "," ip：113.247.66.206  城市：湖南 "," 创：2026-03-30 12:31:18 改：2026-03-30 14:48:50 ","0","视频","ake123(id: 256)","今日大瓜"
"322978","    Aff：421372732 , 黑料吃瓜马瑞 Vip：undefined 余额：0  |  收益：0  认证：否     "," 海南海口秀英区清纯学妹与男友做爱害羞捂脸被拿开完美露脸吃鸡啪啪不雅视频流出 #今日大瓜  海南海口秀英区清纯学妹与男友做爱害羞捂脸被拿开完美露脸吃鸡啪啪不雅视频流出
 "," 图片：1  |  视频：1  点赞：0  |  浏览：0  点赞(假)：0  |  浏览(假)：0  评论：0  来源标识： "," 审核：通过 资源：未完成 删除：未删除 订阅：否 置顶：0 | 置精：未置精 打赏次数：0 打赏收益：0 "," ip：113.247.66.206  城市：湖南 "," 创：2026-03-30 12:29:36 改：2026-03-30 14:48:48 ","0","视频","ake123(id: 256)","今日大瓜"
"321532","    Aff：421376461 , 学生黑料 Vip：undefined 余额：0  |  收益：0  认证：否     "," 山东财经大学清纯学妹 曾雨悦 私密性爱视频曝光 粉乳嫩穴 乖乖女床上秒变母狗 超喜欢口交女上位的反差 #今日大瓜  山东财经大学清纯学妹 曾雨悦 私密性爱视频曝光 粉乳嫩穴 乖乖女床上秒变母狗 超喜欢口交女上位的反差 "," 图片：2  |  视频：1  点赞：9  |  浏览：3447  点赞(假)：0  |  浏览(假)：0  评论：4  来源标识： "," 审核：通过 资源：已完成 删除：未删除 订阅：否 置顶：0 | 置精：未置精 打赏次数：0 打赏收益：0 "," ip：119.39.19.48  城市：湖南 "," 创：2026-03-28 16:29:00 改：2026-03-31 18:12:51 ","0","视频","ake123(id: 256)","今日大瓜"
"321531","    Aff：421376461 , 学生黑料 Vip：undefined 余额：0  |  收益：0  认证：否     "," 高颜值极品美女福州邓紫棋 女仆装乖巧吃鸡舔蛋完美露脸 一双水汪汪的大眼睛看着你就问你受得了吗 #今日大瓜  高颜值极品美女福州邓紫棋 女仆装乖巧吃鸡舔蛋完美露脸 一双水汪汪的大眼睛看着你就问你受得了吗 "," 图片：2  |  视频：1  点赞：15  |  浏览：3434  点赞(假)：0  |  浏览(假)：0  评论：5  来源标识： "," 审核：通过 资源：已完成 删除：未删除 订阅：否 置顶：0 | 置精：未置精 打赏次数：0 打赏收益：0 "," ip：119.39.19.48  城市：湖南 "," 创：2026-03-28 16:27:38 改：2026-03-31 17:20:36 ","0","视频","ake123(id: 256)","今日大瓜"
"321530","    Aff：421375810 , 素人黑料 Vip：undefined 余额：0  |  收益：0  认证：否     "," 极品女大苗条身材大长腿 与男友怕怕做爱合集 掐脖子吐舌头舔手指 #今日大瓜  极品女大苗条身材大长腿 与男友怕怕做爱合集 掐脖子吐舌头舔手指  "," 图片：1  |  视频：1  点赞：10  |  浏览：2649  点赞(假)：0  |  浏览(假)：0  评论：2  来源标识： "," 审核：通过 资源：已完成 删除：未删除 订阅：否 置顶：0 | 置精：未置精 打赏次数：0 打赏收益：0 "," ip：119.39.19.48  城市：湖南 "," 创：2026-03-28 16:25:29 改：2026-03-31 17:34:52 ","0","视频","ake123(id: 256)","今日大瓜"
"321526","    Aff：421375810 , 素人黑料 Vip：undefined 余额：0  |  收益：0  认证：否     "," 哥狂撩女大学生，校花主动上门！舔狗的极品颜值翘臀大奶的女神竟是别人的玩具…兄弟们别再舔了，搞钱才是正 #今日大瓜  哥狂撩女大学生，校花主动上门！舔狗的极品颜值翘臀大奶的女神竟是别人的玩具…兄弟们别再舔了，搞钱才是正 "," 图片：2  |  视频：1  点赞：7  |  浏览：3805  点赞(假)：0  |  浏览(假)：0  评论：4  来源标识： "," 审核：通过 资源：已完成 删除：未删除 订阅：否 置顶：0 | 置精：未置精 打赏次数：0 打赏收益：0 "," ip：119.39.19.48  城市：湖南 "," 创：2026-03-28 16:22:25 改：2026-03-31 18:43:21 ","0","视频","ake123(id: 256)","今日大瓜"
"321517","    Aff：421373656 , 母狗大赛 Vip：undefined 余额：0  |  收益：0  认证：否     "," 重庆高颜值外唯极品女神曝光，多少男人的白月光却在外围届玩得风生水起！极品大奶美穴润的一批 #今日大瓜  重庆高颜值外唯极品女神曝光，多少男人的白月光却在外围届玩得风生水起！极品大奶美穴润的一批 "," 图片：2  |  视频：1  点赞：15  |  浏览：2313  点赞(假)：0  |  浏览(假)：0  评论：1  来源标识： "," 审核：通过 资源：已完成 删除：未删除 订阅：否 置顶：0 | 置精：未置精 打赏次数：0 打赏收益：0 "," ip：119.39.19.48  城市：湖南 "," 创：2026-03-28 16:10:47 改：2026-03-31 19:15:13 ","0","视频","ake123(id: 256)","今日大瓜"
"321514","    Aff：421373656 , 母狗大赛 Vip：undefined 余额：0  |  收益：0  认证：否     "," 大奶研究生被男友调教捆绑铺上防水布准备一泻千里 调教后入啪啪穴很嫩不雅视频合集 #今日大瓜  大奶研究生被男友调教捆绑铺上防水布准备一泻千里 调教后入啪啪穴很嫩不雅视频合集
 "," 图片：2  |  视频：1  点赞：4  |  浏览：2801  点赞(假)：0  |  浏览(假)：0  评论：2  来源标识： "," 审核：通过 资源：已完成 删除：未删除 订阅：否 置顶：0 | 置精：未置精 打赏次数：0 打赏收益：0 "," ip：119.39.19.48  城市：湖南 "," 创：2026-03-28 16:08:17 改：2026-03-31 18:13:17 ","0","视频","ake123(id: 256)","今日大瓜"
"321512","    Aff：421373213 , 走光黑料 Vip：undefined 余额：0  |  收益：0  认证：否     "," 看着像书呆子的闷骚学生妹脱了衣服直接变身骚母狗 你别说身材还不错 #今日大瓜  看着像书呆子的闷骚学生妹脱了衣服直接变身骚母狗 你别说身材还不错 "," 图片：3  |  视频：1  点赞：4  |  浏览：2000  点赞(假)：0  |  浏览(假)：0  评论：0  来源标识： "," 审核：通过 资源：已完成 删除：未删除 订阅：否 置顶：0 | 置精：未置精 打赏次数：0 打赏收益：0 "," ip：119.39.19.48  城市：湖南 "," 创：2026-03-28 16:05:38 改：2026-03-31 09:34:33 ","0","视频","ake123(id: 256)","今日大瓜"
"321511","    Aff：421373213 , 走光黑料 Vip：undefined 余额：0  |  收益：0  认证：否     "," 高颜值极品美女舌钉唇钉跪地吃鸡  躺地上自慰抠穴极骚无比 传教士体位爆操插出白浆  怼脸拍摄完美露脸 #今日大瓜  高颜值极品美女舌钉唇钉跪地吃鸡  躺地上自慰抠穴极骚无比 传教士体位爆操插出白浆  怼脸拍摄完美露脸 "," 图片：2  |  视频：1  点赞：10  |  浏览：1592  点赞(假)：0  |  浏览(假)：0  评论：0  来源标识： "," 审核：通过 资源：已完成 删除：未删除 订阅：否 置顶：0 | 置精：未置精 打赏次数：0 打赏收益：0 "," ip：119.39.19.48  城市：湖南 "," 创：2026-03-28 16:04:07 改：2026-03-31 09:02:02 ","0","视频","ake123(id: 256)","今日大瓜"
"321509","    Aff：421372732 , 黑料吃瓜马瑞 Vip：undefined 余额：0  |  收益：0  认证：否     "," 高颜值极品身材骚母狗完美露脸与富二代眼镜男酒店啪啪 情趣装吃鸡性爱不雅视频流出  身材真不错 #今日大瓜  
高颜值极品身材骚母狗完美露脸与富二代眼镜男酒店啪啪 情趣装吃鸡性爱不雅视频流出  身材真不错  "," 图片：3  |  视频：1  点赞：10  |  浏览：2641  点赞(假)：0  |  浏览(假)：0  评论：3  来源标识： "," 审核：通过 资源：已完成 删除：未删除 订阅：否 置顶：0 | 置精：未置精 打赏次数：0 打赏收益：0 "," ip：119.39.19.48  城市：湖南 "," 创：2026-03-28 16:02:50 改：2026-03-31 19:21:10 ","0","视频","ake123(id: 256)","今日大瓜"
"321507","    Aff：421372732 , 黑料吃瓜马瑞 Vip：undefined 余额：0  |  收益：0  认证：否     "," 今日重磅强烈推荐 极品肉感尤物巨乳肥臀  天然E奶 完美炮架子后入神器 #今日大瓜  今日重磅强烈推荐 极品肉感尤物巨乳肥臀  天然E奶 完美炮架子后入神器   "," 图片：2  |  视频：1  点赞：12  |  浏览：3015  点赞(假)：0  |  浏览(假)：0  评论：2  来源标识： "," 审核：通过 资源：已完成 删除：未删除 订阅：否 置顶：0 | 置精：未置精 打赏次数：0 打赏收益：0 "," ip：119.39.19.48  城市：湖南 "," 创：2026-03-28 16:01:14 改：2026-03-31 19:22:20 ","0","视频","ake123(id: 256)","今日大瓜"
"320654","    Aff：498177854 , 风骚辣妈 Vip：undefined 余额：0  |  收益：0  认证：否     "," 跟骚妈聊天，她说喜欢跟我做爱，因为我比较持久，也比较硬，能够顶到她最深处 #今日大瓜  跟骚妈聊天，她说喜欢跟我做爱，因为我比较持久，也比较硬，能够顶到她最深处，说着说着把我感觉说上来了，.... "," 图片：3  |  视频：1  点赞：20  |  浏览：2396  点赞(假)：0  |  浏览(假)：0  评论：1  来源标识： "," 审核：通过 资源：已完成 删除：未删除 订阅：否 置顶：0 | 置精：未置精 打赏次数：0 打赏收益：0 "," ip：113.247.64.170  城市：湖南 "," 创：2026-03-27 16:58:04 改：2026-03-31 12:50:07 ","0","视频","ljl123(id: 263)","今日大瓜"
"320649","    Aff：487530676 , 骑射姐姐 Vip：undefined 余额：0  |  收益：0  认证：否     "," 姐姐刚和姐夫做完爱  就赶紧跑来找我操逼 姐夫射进去的精子都被我操出来了 #达人原创  今天我再家里面睡觉莫名其妙感觉有人弄我我抬头一看发现姐姐在舔我的鸡巴我问姐姐这么过来了他说哥哥她和姐.... "," 图片：3  |  视频：1  点赞：3  |  浏览：1841  点赞(假)：0  |  浏览(假)：0  评论：0  来源标识： "," 审核：通过 资源：已完成 删除：未删除 订阅：否 置顶：0 | 置精：未置精 打赏次数：0 打赏收益：0 "," ip：113.247.64.170  城市：湖南 "," 创：2026-03-27 16:48:35 改：2026-03-31 01:45:11 ","0","视频","ljl123(id: 263)","达人原创"
"320492","    Aff：421376461 , 学生黑料 Vip：undefined 余额：0  |  收益：0  认证：否     "," 真是人小奶大 这两个大奶 真想射上去 #今日大瓜  真是人小奶大 这两个大奶 真想射上去 "," 图片：2  |  视频：1  点赞：0  |  浏览：0  点赞(假)：0  |  浏览(假)：0  评论：0  来源标识： "," 审核：未通过 资源：未完成 删除：未删除 订阅：否 置顶：0 | 置精：未置精 打赏次数：0 打赏收益：0 "," ip：113.247.64.170  城市：湖南 "," 创：2026-03-27 11:42:08 改：2026-03-27 11:46:03 ","0","视频","ljl123(id: 263)","今日大瓜"
"320490","    Aff：421376461 , 学生黑料 Vip：undefined 余额：0  |  收益：0  认证：否     "," 高颜值极品女大学生 身材火辣玩的花 #今日大瓜  
高颜值极品女大学生 身材火辣玩的花 "," 图片：2  |  视频：1  点赞：5  |  浏览：3598  点赞(假)：0  |  浏览(假)：0  评论：9  来源标识： "," 审核：通过 资源：已完成 删除：未删除 订阅：否 置顶：0 | 置精：未置精 打赏次数：0 打赏收益：0 "," ip：113.247.64.170  城市：湖南 "," 创：2026-03-27 11:39:28 改：2026-03-31 10:58:33 ","0","视频","ljl123(id: 263)","今日大瓜"
"320489","    Aff：421375810 , 素人黑料 Vip：undefined 余额：0  |  收益：0  认证：否     "," 极品高颜值妹子吃鸡啪啪不雅视频泄密 主要是这半死不活的眼神太骚啦 还把k粉放在鸡巴上吸完再操 经典不 #今日大瓜  极品高颜值妹子吃鸡啪啪不雅视频泄密 主要是这半死不活的眼神太骚啦 还把k粉放在鸡巴上吸完再操 经典不 "," 图片：1  |  视频：1  点赞：0  |  浏览：0  点赞(假)：0  |  浏览(假)：0  评论：0  来源标识： "," 审核：未通过 资源：未完成 删除：未删除 订阅：否 置顶：0 | 置精：未置精 打赏次数：0 打赏收益：0 "," ip：113.247.64.170  城市：湖南 "," 创：2026-03-27 11:35:43 改：2026-03-27 11:36:42 ","0","视频","ljl123(id: 263)","今日大瓜"
"320487","    Aff：421375810 , 素人黑料 Vip：undefined 余额：0  |  收益：0  认证：否     "," 外表看着清纯的闷骚眼镜妹大二女学生 被调教乖巧吃鸡  上位乘骑跟着音乐扭动腰肢 #今日大瓜  
外表看着清纯的闷骚眼镜妹大二女学生 被调教乖巧吃鸡  上位乘骑跟着音乐扭动腰肢 "," 图片：2  |  视频：1  点赞：0  |  浏览：0  点赞(假)：0  |  浏览(假)：0  评论：0  来源标识： "," 审核：未通过 资源：未完成 删除：未删除 订阅：否 置顶：0 | 置精：未置精 打赏次数：0 打赏收益：0 "," ip：113.247.64.170  城市：湖南 "," 创：2026-03-27 11:35:05 改：2026-03-27 11:36:01 ","0","视频","ljl123(id: 263)","今日大瓜"
"320486","    Aff：421373656 , 母狗大赛 Vip：undefined 余额：0  |  收益：0  认证：否     "," 四川成都的大奶眼镜学霸臣服大屌之下 母狗骚态尽显吞精吃鸡黑丝开档肥臀上位乘骑深喉口爆样样精通 太反差 #今日大瓜  四川成都的大奶眼镜学霸臣服大屌之下 母狗骚态尽显吞精吃鸡黑丝开档肥臀上位乘骑深喉口爆样样精通 太反差 "," 图片：2  |  视频：1  点赞：15  |  浏览：5148  点赞(假)：0  |  浏览(假)：0  评论：6  来源标识： "," 审核：通过 资源：已完成 删除：未删除 订阅：否 置顶：0 | 置精：未置精 打赏次数：0 打赏收益：0 "," ip：113.247.64.170  城市：湖南 "," 创：2026-03-27 11:32:54 改：2026-03-31 17:36:39 ","0","视频","ljl123(id: 263)","今日大瓜"
"320485","    Aff：421373656 , 母狗大赛 Vip：undefined 余额：0  |  收益：0  认证：否     "," 极品清纯美少女，私下里竟然这么骚？这位小美女长得还是挺有辨识度的 #今日大瓜  极品清纯美少女，私下里竟然这么骚？这位小美女长得还是挺有辨识度的 "," 图片：1  |  视频：1  点赞：2  |  浏览：2752  点赞(假)：0  |  浏览(假)：0  评论：2  来源标识： "," 审核：通过 资源：已完成 删除：未删除 订阅：否 置顶：0 | 置精：未置精 打赏次数：0 打赏收益：0 "," ip：113.247.64.170  城市：湖南 "," 创：2026-03-27 11:31:44 改：2026-03-31 19:01:36 ","0","视频","ljl123(id: 263)","今日大瓜"
"320483","    Aff：421373213 , 走光黑料 Vip：undefined 余额：0  |  收益：0  认证：否     "," 最近大火的推特极品福利姬小小绘 极品身材软软糯糯  一看就很香  首次大尺度跳蛋自慰肛塞极致诱惑高清 #今日大瓜  最近大火的推特极品福利姬小小绘 极品身材软软糯糯  一看就很香  首次大尺度跳蛋自慰肛塞极致诱惑高清 "," 图片：2  |  视频：1  点赞：0  |  浏览：0  点赞(假)：0  |  浏览(假)：0  评论：0  来源标识： "," 审核：未通过 资源：未完成 删除：未删除 订阅：否 置顶：0 | 置精：未置精 打赏次数：0 打赏收益：0 "," ip：113.247.64.170  城市：湖南 "," 创：2026-03-27 11:29:44 改：2026-03-27 11:38:55 ","0","视频","ljl123(id: 263)","今日大瓜"
"320481","    Aff：421373213 , 走光黑料 Vip：undefined 余额：0  |  收益：0  认证：否     "," 最近被男友流出高颜值女大，非常反差，上位乘骑吃手指表情淫荡至极不雅视频流出 #今日大瓜  最近被男友流出高颜值女大，非常反差，上位乘骑吃手指表情淫荡至极不雅视频流出
 "," 图片：2  |  视频：1  点赞：0  |  浏览：0  点赞(假)：0  |  浏览(假)：0  评论：0  来源标识： "," 审核：未通过 资源：未完成 删除：未删除 订阅：否 置顶：0 | 置精：未置精 打赏次数：0 打赏收益：0 "," ip：113.247.64.170  城市：湖南 "," 创：2026-03-27 11:28:30 改：2026-03-27 15:06:57 ","0","视频","ljl123(id: 263)","今日大瓜"
"320479","    Aff：421372732 , 黑料吃瓜马瑞 Vip：undefined 余额：0  |  收益：0  认证：否     "," 深圳女模朱瑶张开双腿塞着跳蛋感受震动带来的快感 圆润翘臀真好看 与男友各种姿势激情做爱不雅视频流出 #今日大瓜  深圳女模朱瑶张开双腿塞着跳蛋感受震动带来的快感 圆润翘臀真好看 与男友各种姿势激情做爱不雅视频流出 "," 图片：1  |  视频：1  点赞：7  |  浏览：2078  点赞(假)：0  |  浏览(假)：0  评论：2  来源标识： "," 审核：通过 资源：已完成 删除：未删除 订阅：否 置顶：0 | 置精：未置精 打赏次数：0 打赏收益：0 "," ip：113.247.64.170  城市：湖南 "," 创：2026-03-27 11:21:12 改：2026-03-31 18:52:01 ","0","视频","ljl123(id: 263)","今日大瓜"
"320477","    Aff：421372732 , 黑料吃瓜马瑞 Vip：undefined 余额：0  |  收益：0  认证：否     "," 杭州文静嫩妹王晓冉不雅视频被男友曝出，清纯脸蛋配黑丝自拍裸照，露脸舔屌被猛操表情超淫 ！ #今日大瓜  杭州文静嫩妹王晓冉不雅视频被男友曝出，清纯脸蛋配黑丝自拍裸照，露脸舔屌被猛操表情超淫 ！ "," 图片：2  |  视频：1  点赞：6  |  浏览：1629  点赞(假)：0  |  浏览(假)：0  评论：3  来源标识： "," 审核：通过 资源：已完成 删除：未删除 订阅：否 置顶：0 | 置精：未置精 打赏次数：0 打赏收益：0 "," ip：113.247.64.170  城市：湖南 "," 创：2026-03-27 11:20:24 改：2026-03-31 19:23:43 ","0","视频","ljl123(id: 263)","今日大瓜"
"319738","    Aff：421376461 , 学生黑料 Vip：undefined 余额：0  |  收益：0  认证：否     "," 高颜值大长腿极品女大孙怡第一视角性爱，嫩白胴体被满身纹身的黄毛各种姿势抽插，淫叫不断 #今日大瓜  高颜值大长腿极品女大孙怡第一视角性爱，嫩白胴体被满身纹身的黄毛各种姿势抽插，淫叫不断 "," 图片：2  |  视频：1  点赞：0  |  浏览：0  点赞(假)：0  |  浏览(假)：0  评论：0  来源标识： "," 审核：未通过 资源：未完成 删除：未删除 订阅：否 置顶：0 | 置精：未置精 打赏次数：0 打赏收益：0 "," ip：113.247.64.170  城市：湖南 "," 创：2026-03-26 11:52:58 改：2026-03-26 11:54:05 ","0","视频","ljl123(id: 263)","今日大瓜"
"319736","    Aff：421376461 , 学生黑料 Vip：undefined 余额：0  |  收益：0  认证：否     "," 江苏工程职业技术学院刘艳被金包养原视频泄密口爆深喉技术一流身材傲人淫欲连连金主爽到极点 #今日大瓜  江苏工程职业技术学院刘艳被金包养原视频泄密口爆深喉技术一流身材傲人淫欲连连金主爽到极点 "," 图片：2  |  视频：1  点赞：21  |  浏览：4005  点赞(假)：0  |  浏览(假)：0  评论：3  来源标识： "," 审核：通过 资源：已完成 删除：未删除 订阅：否 置顶：0 | 置精：未置精 打赏次数：0 打赏收益：0 "," ip：113.247.64.170  城市：湖南 "," 创：2026-03-26 11:51:10 改：2026-03-31 18:39:53 ","0","视频","ljl123(id: 263)","今日大瓜"
"319731","    Aff：421375810 , 素人黑料 Vip：undefined 余额：0  |  收益：0  认证：否     "," 湖南大二艺术生高挑身材大长腿比我命还长 戴狗链子调教抬腿后入活成野母狗 交合处全程特写骚到起飞 #今日大瓜  湖南大二艺术生高挑身材大长腿比我命还长 戴狗链子调教抬腿后入活成野母狗 交合处全程特写骚到起飞 "," 图片：2  |  视频：1  点赞：24  |  浏览：4110  点赞(假)：0  |  浏览(假)：0  评论：2  来源标识： "," 审核：通过 资源：已完成 删除：未删除 订阅：否 置顶：0 | 置精：未置精 打赏次数：0 打赏收益：0 "," ip：113.247.64.170  城市：湖南 "," 创：2026-03-26 11:47:35 改：2026-03-31 18:32:30 ","0","视频","ljl123(id: 263)","今日大瓜"
"319729","    Aff：421375810 , 素人黑料 Vip：undefined 余额：0  |  收益：0  认证：否     "," 高颜值女大素颜乖巧眼镜妹跟男友酒店激战 穿着丝袜一边吃鸡一边摸自己的豆豆 #今日大瓜  高颜值女大素颜乖巧眼镜妹跟男友酒店激战 穿着丝袜一边吃鸡一边摸自己的豆豆 "," 图片：2  |  视频：1  点赞：0  |  浏览：0  点赞(假)：0  |  浏览(假)：0  评论：0  来源标识： "," 审核：通过 资源：未完成 删除：未删除 订阅：否 置顶：0 | 置精：未置精 打赏次数：0 打赏收益：0 "," ip：113.247.64.170  城市：湖南 "," 创：2026-03-26 11:46:20 改：2026-03-26 11:53:06 ","0","视频","ljl123(id: 263)","今日大瓜"
"319725","    Aff：421373656 , 母狗大赛 Vip：undefined 余额：0  |  收益：0  认证：否     "," 极品黑丝美腿大学生与男友酒店开房口交做爱 这美腿真让人血脉喷张 #今日大瓜  极品黑丝美腿大学生与男友酒店开房口交做爱 这美腿真让人血脉喷张  "," 图片：2  |  视频：1  点赞：0  |  浏览：0  点赞(假)：0  |  浏览(假)：0  评论：0  来源标识： "," 审核：通过 资源：未完成 删除：未删除 订阅：否 置顶：0 | 置精：未置精 打赏次数：0 打赏收益：0 "," ip：113.247.64.170  城市：湖南 "," 创：2026-03-26 11:43:18 改：2026-03-26 11:48:23 ","0","视频","ljl123(id: 263)","今日大瓜"
"319724","    Aff：421373656 , 母狗大赛 Vip：undefined 余额：0  |  收益：0  认证：否     "," 大一可爱学妹蔡暮云  背着男友约炮金主被调教吃鸡后入内射  外表清纯可爱 在床上成了任人摆布的玩物非 #今日大瓜  大一可爱学妹蔡暮云  背着男友约炮金主被调教吃鸡后入内射  外表清纯可爱 在床上成了任人摆布的玩物非 "," 图片：2  |  视频：1  点赞：8  |  浏览：3336  点赞(假)：0  |  浏览(假)：0  评论：5  来源标识： "," 审核：通过 资源：已完成 删除：未删除 订阅：否 置顶：0 | 置精：未置精 打赏次数：0 打赏收益：0 "," ip：113.247.64.170  城市：湖南 "," 创：2026-03-26 11:41:56 改：2026-03-31 09:27:20 ","0","视频","ljl123(id: 263)","今日大瓜"
"319721","    Aff：421373213 , 走光黑料 Vip：undefined 余额：0  |  收益：0  认证：否     "," 高颜值极品女神和男友的做爱日常  这射满精液的骚逼真是诱人 #今日大瓜  高颜值极品女神和男友的做爱日常  这射满精液的骚逼真是诱人   "," 图片：2  |  视频：1  点赞：16  |  浏览：3269  点赞(假)：0  |  浏览(假)：0  评论：2  来源标识： "," 审核：通过 资源：已完成 删除：未删除 订阅：否 置顶：0 | 置精：未置精 打赏次数：0 打赏收益：0 "," ip：113.247.64.170  城市：湖南 "," 创：2026-03-26 11:39:49 改：2026-03-31 18:43:19 ","0","视频","ljl123(id: 263)","今日大瓜"
"319720","    Aff：421373213 , 走光黑料 Vip：undefined 余额：0  |  收益：0  认证：否     "," 这个内裤看的龙根暴涨风骚的很 #今日大瓜  这个内裤看的龙根暴涨风骚的很 "," 图片：2  |  视频：1  点赞：7  |  浏览：3478  点赞(假)：0  |  浏览(假)：0  评论：5  来源标识： "," 审核：通过 资源：已完成 删除：未删除 订阅：否 置顶：0 | 置精：未置精 打赏次数：0 打赏收益：0 "," ip：113.247.64.170  城市：湖南 "," 创：2026-03-26 11:38:46 改：2026-03-31 12:47:55 ","0","视频","ljl123(id: 263)","今日大瓜"
"319718","    Aff：421372732 , 黑料吃瓜马瑞 Vip：undefined 余额：0  |  收益：0  认证：否     "," 大学生私下风骚至极，扭动着细致小腰 #今日大瓜  大学生私下风骚至极，扭动着细致小腰 "," 图片：2  |  视频：1  点赞：17  |  浏览：3012  点赞(假)：0  |  浏览(假)：0  评论：8  来源标识： "," 审核：通过 资源：已完成 删除：未删除 订阅：否 置顶：0 | 置精：未置精 打赏次数：0 打赏收益：0 "," ip：113.247.64.170  城市：湖南 "," 创：2026-03-26 11:32:40 改：2026-03-31 20:09:12 ","0","视频","ake123(id: 256)","今日大瓜"
"319714","    Aff：421372732 , 黑料吃瓜马瑞 Vip：undefined 余额：0  |  收益：0  认证：否     "," 杭州00后小仙女【张倩文】私拍泄密流出，童颜巨乳多汁嫩穴，肉腿开档黑丝翘臀疯狂挨操 #今日大瓜  杭州00后小仙女【张倩文】私拍泄密流出，童颜巨乳多汁嫩穴，肉腿开档黑丝翘臀疯狂挨操 "," 图片：2  |  视频：1  点赞：0  |  浏览：0  点赞(假)：0  |  浏览(假)：0  评论：0  来源标识： "," 审核：通过 资源：未完成 删除：未删除 订阅：否 置顶：0 | 置精：未置精 打赏次数：0 打赏收益：0 "," ip：113.247.64.170  城市：湖南 "," 创：2026-03-26 11:29:01 改：2026-03-26 11:36:00 ","0","视频","ake123(id: 256)","今日大瓜"
"318800","    Aff：421376461 , 学生黑料 Vip：undefined 余额：0  |  收益：0  认证：否     "," 广西纹身小妹被社会哥调教视频曝光，符文战士精神小妹被调教成彻底的骚货，跪地口交后入女上位做爱花式多多 #今日大瓜  广西纹身小妹被社会哥调教视频曝光，符文战士精神小妹被调教成彻底的骚货，跪地口交后入女上位做爱花式多多 "," 图片：2  |  视频：1  点赞：9  |  浏览：5656  点赞(假)：0  |  浏览(假)：0  评论：4  来源标识： "," 审核：通过 资源：已完成 删除：未删除 订阅：否 置顶：0 | 置精：未置精 打赏次数：0 打赏收益：0 "," ip：113.247.38.47  城市：湖南 "," 创：2026-03-25 11:27:55 改：2026-03-31 16:06:35 ","0","视频","ljl123(id: 263)","今日大瓜"
"318799","    Aff：421376461 , 学生黑料 Vip：undefined 余额：0  |  收益：0  认证：否     "," 长相甜美的反差妹子，浓密黑森林被主人剃毛无套后入爆操内射 逼好紧的样子 #今日大瓜  
长相甜美的反差妹子，浓密黑森林被主人剃毛无套后入爆操内射 逼好紧的样子 "," 图片：2  |  视频：1  点赞：11  |  浏览：3156  点赞(假)：0  |  浏览(假)：0  评论：2  来源标识： "," 审核：通过 资源：已完成 删除：未删除 订阅：否 置顶：0 | 置精：未置精 打赏次数：0 打赏收益：0 "," ip：113.247.38.47  城市：湖南 "," 创：2026-03-25 11:27:00 改：2026-03-31 19:53:50 ","0","视频","ljl123(id: 263)","今日大瓜"
"318797","    Aff：421375810 , 素人黑料 Vip：undefined 余额：0  |  收益：0  认证：否     "," 最新流出丰满巨乳女大学生与男友激情做爱 母狗姿态完美露脸展示嫩穴 狂吞大鸡巴接着被后入爆操 原相机高 #今日大瓜  最新流出丰满巨乳女大学生与男友激情做爱 母狗姿态完美露脸展示嫩穴 狂吞大鸡巴接着被后入爆操 原相机高 "," 图片：3  |  视频：1  点赞：8  |  浏览：4540  点赞(假)：0  |  浏览(假)：0  评论：4  来源标识： "," 审核：通过 资源：已完成 删除：未删除 订阅：否 置顶：0 | 置精：未置精 打赏次数：0 打赏收益：0 "," ip：113.247.38.47  城市：湖南 "," 创：2026-03-25 11:25:56 改：2026-03-31 17:30:13 ","0","视频","ljl123(id: 263)","今日大瓜"
"318796","    Aff：421375810 , 素人黑料 Vip：undefined 余额：0  |  收益：0  认证：否     "," 河南新乡辉县高颜值极品清纯女大学生极品颜值肤若凝脂皮肤白嫩反差感爆棚不可多得的S级佳作  不容错过 #今日大瓜  河南新乡辉县高颜值极品清纯女大学生极品颜值肤若凝脂皮肤白嫩反差感爆棚不可多得的S级佳作  不容错过 "," 图片：2  |  视频：1  点赞：7  |  浏览：5282  点赞(假)：0  |  浏览(假)：0  评论：6  来源标识： "," 审核：通过 资源：已完成 删除：未删除 订阅：否 置顶：0 | 置精：未置精 打赏次数：0 打赏收益：0 "," ip：113.247.38.47  城市：湖南 "," 创：2026-03-25 11:25:05 改：2026-03-31 17:09:49 ","0","视频","ljl123(id: 263)","今日大瓜"
"318792","    Aff：421373656 , 母狗大赛 Vip：undefined 余额：0  |  收益：0  认证：否     "," 上过抖音热搜的渤海之眼摩天轮事件  这小骚货被男友调教的真好 #今日大瓜  上过抖音热搜的渤海之眼摩天轮事件  这小骚货被男友调教的真好 "," 图片：2  |  视频：1  点赞：8  |  浏览：3129  点赞(假)：0  |  浏览(假)：0  评论：0  来源标识： "," 审核：通过 资源：已完成 删除：未删除 订阅：否 置顶：0 | 置精：未置精 打赏次数：0 打赏收益：0 "," ip：113.247.38.47  城市：湖南 "," 创：2026-03-25 11:23:46 改：2026-03-31 15:57:37 ","0","视频","ljl123(id: 263)","今日大瓜"
"318791","    Aff：421373656 , 母狗大赛 Vip：undefined 余额：0  |  收益：0  认证：否     "," 北方工业大学大二极品美女不雅视频流出 172高挑身材筷子腿 一双无辜的大眼睛摄人心魄 #今日大瓜  北方工业大学大二极品美女不雅视频流出 172高挑身材筷子腿 一双无辜的大眼睛摄人心魄 "," 图片：2  |  视频：1  点赞：8  |  浏览：3013  点赞(假)：0  |  浏览(假)：0  评论：1  来源标识： "," 审核：通过 资源：已完成 删除：未删除 订阅：否 置顶：0 | 置精：未置精 打赏次数：0 打赏收益：0 "," ip：113.247.38.47  城市：湖南 "," 创：2026-03-25 11:23:09 改：2026-03-31 06:41:42 ","0","视频","ljl123(id: 263)","今日大瓜"
"318789","    Aff：421373213 , 走光黑料 Vip：undefined 余额：0  |  收益：0  认证：否     "," 情侣私拍，可御可萝，清纯校花小姐姐，临场感十足，吃鸡插B，道具自慰，真实还原小情侣的性福日常 #今日大瓜  情侣私拍，可御可萝，清纯校花小姐姐，临场感十足，吃鸡插B，道具自慰，真实还原小情侣的性福日常 "," 图片：2  |  视频：1  点赞：6  |  浏览：3156  点赞(假)：0  |  浏览(假)：0  评论：0  来源标识： "," 审核：通过 资源：已完成 删除：未删除 订阅：否 置顶：0 | 置精：未置精 打赏次数：0 打赏收益：0 "," ip：113.247.38.47  城市：湖南 "," 创：2026-03-25 11:21:39 改：2026-03-31 11:30:07 ","0","视频","ljl123(id: 263)","今日大瓜"
"318787","    Aff：421373213 , 走光黑料 Vip：undefined 余额：0  |  收益：0  认证：否     "," 沈陽學妹，藝術學院小美女，極品純天然美乳，膚如凝脂無套啪啪，豹纹狂野套装 #今日大瓜  沈陽學妹，藝術學院小美女，極品純天然美乳，膚如凝脂無套啪啪，豹纹狂野套装 "," 图片：3  |  视频：1  点赞：0  |  浏览：0  点赞(假)：0  |  浏览(假)：0  评论：0  来源标识： "," 审核：通过 资源：未完成 删除：未删除 订阅：否 置顶：0 | 置精：未置精 打赏次数：0 打赏收益：0 "," ip：113.247.38.47  城市：湖南 "," 创：2026-03-25 11:21:03 改：2026-03-25 11:25:06 ","0","视频","ljl123(id: 263)","今日大瓜"
"318785","    Aff：421372732 , 黑料吃瓜马瑞 Vip：undefined 余额：0  |  收益：0  认证：否     "," 北方工业大学大二极品美女不雅视频流出 172高挑身材筷子腿 一双无辜的大眼睛摄人心魄 #今日大瓜  北方工业大学大二极品美女不雅视频流出 172高挑身材筷子腿 一双无辜的大眼睛摄人心魄  "," 图片：3  |  视频：1  点赞：3  |  浏览：1942  点赞(假)：0  |  浏览(假)：0  评论：0  来源标识： "," 审核：通过 资源：已完成 删除：未删除 订阅：否 置顶：0 | 置精：未置精 打赏次数：0 打赏收益：0 "," ip：113.247.38.47  城市：湖南 "," 创：2026-03-25 11:18:53 改：2026-03-31 19:22:46 ","0","视频","ljl123(id: 263)","今日大瓜"
"318783","    Aff：421372732 , 黑料吃瓜马瑞 Vip：undefined 余额：0  |  收益：0  认证：否     "," 燕山大学环境与化学工程学院，孙利娜，性感御姐，绝世顶级美腿蜜臀，天生炮架鸡巴套子，被男友调教成母狗， #今日大瓜  燕山大学环境与化学工程学院，孙利娜，性感御姐，绝世顶级美腿蜜臀，天生炮架鸡巴套子，被男友调教成母狗， "," 图片：2  |  视频：1  点赞：0  |  浏览：0  点赞(假)：0  |  浏览(假)：0  评论：0  来源标识： "," 审核：通过 资源：未完成 删除：未删除 订阅：否 置顶：0 | 置精：未置精 打赏次数：0 打赏收益：0 "," ip：113.247.38.47  城市：湖南 "," 创：2026-03-25 11:17:50 改：2026-03-25 11:22:14 ","0","视频","ljl123(id: 263)","今日大瓜"
"318090","    Aff：499360943 , 虚心乌冬面 Vip：undefined 余额：0  |  收益：0  认证：否     "," 我的女友，声音甜美 #达人原创  ------ "," 图片：0  |  视频：1  点赞：14  |  浏览：2159  点赞(假)：0  |  浏览(假)：0  评论：2  来源标识： "," 审核：通过 资源：已完成 删除：未删除 订阅：否 置顶：0 | 置精：未置精 打赏次数：0 打赏收益：0 "," ip：23.247.138.230  城市：香港 "," 创：2026-03-24 16:00:30 改：2026-03-30 15:47:24 ","0","视频","ake123(id: 256)","达人原创"
"317951","    Aff：487530676 , 骑射姐姐 Vip：undefined 余额：0  |  收益：0  认证：否     "," 姐姐性感大奶 调教  纹身姐姐  口爆 扣逼 女上位 姐姐兴奋到尖叫 #达人原创  今天姐姐应该是瘾来了天还没有黑就跑过来叫我操她不操还不行我说你等一会天黑了我们再草逼因为现在爸妈都还.... "," 图片：3  |  视频：1  点赞：11  |  浏览：1856  点赞(假)：0  |  浏览(假)：0  评论：0  来源标识： "," 审核：通过 资源：已完成 删除：未删除 订阅：否 置顶：0 | 置精：未置精 打赏次数：0 打赏收益：0 "," ip：113.247.38.47  城市：湖南 "," 创：2026-03-24 13:13:32 改：2026-03-31 14:23:52 ","0","视频","ake123(id: 256)","达人原创"
"317944","    Aff：421376461 , 学生黑料 Vip：undefined 余额：0  |  收益：0  认证：否     "," 练体操的高颜值极品女大与男友激情做爱吃鸡啪啪不雅视频流出 #今日大瓜  练体操的高颜值极品女大与男友激情做爱吃鸡啪啪不雅视频流出  "," 图片：1  |  视频：1  点赞：4  |  浏览：2750  点赞(假)：0  |  浏览(假)：0  评论：2  来源标识： "," 审核：通过 资源：已完成 删除：未删除 订阅：否 置顶：0 | 置精：未置精 打赏次数：0 打赏收益：0 "," ip：113.247.38.47  城市：湖南 "," 创：2026-03-24 13:05:01 改：2026-03-31 04:18:28 ","0","视频","ake123(id: 256)","今日大瓜"
"317943","    Aff：421376461 , 学生黑料 Vip：undefined 余额：0  |  收益：0  认证：否     "," 淫骚女大完美露脸 掐脖扇耳光调教成一只听话的小母狗 宿舍里自慰抠穴拍视频勾引主人高清原档不雅视频流出 #今日大瓜  淫骚女大完美露脸 掐脖扇耳光调教成一只听话的小母狗 宿舍里自慰抠穴拍视频勾引主人高清原档不雅视频流出 "," 图片：2  |  视频：1  点赞：15  |  浏览：4547  点赞(假)：0  |  浏览(假)：0  评论：0  来源标识： "," 审核：通过 资源：已完成 删除：未删除 订阅：否 置顶：0 | 置精：未置精 打赏次数：0 打赏收益：0 "," ip：113.247.38.47  城市：湖南 "," 创：2026-03-24 13:04:11 改：2026-03-31 15:33:59 ","0","视频","ake123(id: 256)","今日大瓜"
"317942","    Aff：421375810 , 素人黑料 Vip：undefined 余额：0  |  收益：0  认证：否     "," 福建泉州清纯校花 分手后遭男友恶意泄密 口技精湛完美露脸 敦煌飞天情趣别具一格 多体位交欢淫骚气质十 #今日大瓜  福建泉州清纯校花 分手后遭男友恶意泄密 口技精湛完美露脸 敦煌飞天情趣别具一格 多体位交欢淫骚气质十 "," 图片：2  |  视频：1  点赞：2  |  浏览：2265  点赞(假)：0  |  浏览(假)：0  评论：1  来源标识： "," 审核：通过 资源：已完成 删除：未删除 订阅：否 置顶：0 | 置精：未置精 打赏次数：0 打赏收益：0 "," ip：113.247.38.47  城市：湖南 "," 创：2026-03-24 13:02:59 改：2026-03-31 13:17:15 ","0","视频","ake123(id: 256)","今日大瓜"
"317940","    Aff：421375810 , 素人黑料 Vip：undefined 余额：0  |  收益：0  认证：否     "," S级泄密 香港小情侣男主交换资源泄露极品大奶女友可爱又淫荡完美露脸吃鸡啪啪后入内射不雅视频合集 #今日大瓜  S级泄密 香港小情侣男主交换资源泄露极品大奶女友可爱又淫荡完美露脸吃鸡啪啪后入内射不雅视频合集 "," 图片：2  |  视频：1  点赞：6  |  浏览：2006  点赞(假)：0  |  浏览(假)：0  评论：0  来源标识： "," 审核：通过 资源：已完成 删除：未删除 订阅：否 置顶：0 | 置精：未置精 打赏次数：0 打赏收益：0 "," ip：113.247.38.47  城市：湖南 "," 创：2026-03-24 13:02:09 改：2026-03-31 01:32:46 ","0","视频","ake123(id: 256)","今日大瓜"
"317937","    Aff：421373656 , 母狗大赛 Vip：undefined 余额：0  |  收益：0  认证：否     "," 抖音极品高颜值女神啪啪吃鸡 性感黑丝极品身材完美露脸 颜值出众  极品资源  刚撸完 #今日大瓜  抖音极品高颜值女神啪啪吃鸡 性感黑丝极品身材完美露脸 颜值出众  极品资源  刚撸完 "," 图片：1  |  视频：1  点赞：14  |  浏览：2419  点赞(假)：0  |  浏览(假)：0  评论：0  来源标识： "," 审核：通过 资源：已完成 删除：未删除 订阅：否 置顶：0 | 置精：未置精 打赏次数：0 打赏收益：0 "," ip：113.247.38.47  城市：湖南 "," 创：2026-03-24 13:01:02 改：2026-03-31 17:29:15 ","0","视频","ake123(id: 256)","今日大瓜"
"317932","    Aff：421373656 , 母狗大赛 Vip：undefined 余额：0  |  收益：0  认证：否     "," 极品新晋推特网红博主南南爱吃糖阿黑颜 婚纱户外露出车震高清无水印原档极品资源 #今日大瓜  极品新晋推特网红博主南南爱吃糖阿黑颜 婚纱户外露出车震高清无水印原档极品资源 "," 图片：2  |  视频：1  点赞：8  |  浏览：1884  点赞(假)：0  |  浏览(假)：0  评论：2  来源标识： "," 审核：通过 资源：已完成 删除：未删除 订阅：否 置顶：0 | 置精：未置精 打赏次数：0 打赏收益：0 "," ip：113.247.38.47  城市：湖南 "," 创：2026-03-24 12:59:34 改：2026-03-31 17:28:36 ","0","视频","ake123(id: 256)","今日大瓜"
"317918","    Aff：421373213 , 走光黑料 Vip：undefined 余额：0  |  收益：0  认证：否     "," 山西太原气质美女高颜值被男友无套插入美穴 口交啪啪眼神销魂 被操的同时还要疯狂揉搓阴蒂 太骚了 #今日大瓜  
山西太原气质美女高颜值被男友无套插入美穴 口交啪啪眼神销魂 被操的同时还要疯狂揉搓阴蒂 太骚了 "," 图片：2  |  视频：1  点赞：8  |  浏览：3764  点赞(假)：0  |  浏览(假)：0  评论：5  来源标识： "," 审核：通过 资源：已完成 删除：未删除 订阅：否 置顶：0 | 置精：未置精 打赏次数：0 打赏收益：0 "," ip：113.247.38.47  城市：湖南 "," 创：2026-03-24 12:41:30 改：2026-03-31 16:30:57 ","0","视频","ake123(id: 256)","今日大瓜"
"317916","    Aff：421373213 , 走光黑料 Vip：undefined 余额：0  |  收益：0  认证：否     "," 极品高颜值气质美女刘雯与男友性爱泄密视图流出  小骚逼真好看  完整版15V #今日大瓜  极品高颜值气质美女刘雯与男友性爱泄密视图流出  小骚逼真好看  完整版15V
 "," 图片：2  |  视频：1  点赞：5  |  浏览：2303  点赞(假)：0  |  浏览(假)：0  评论：1  来源标识： "," 审核：通过 资源：已完成 删除：未删除 订阅：否 置顶：0 | 置精：未置精 打赏次数：0 打赏收益：0 "," ip：113.247.38.47  城市：湖南 "," 创：2026-03-24 12:40:58 改：2026-03-30 17:48:26 ","0","视频","ake123(id: 256)","今日大瓜"
"317915","    Aff：421372732 , 黑料吃瓜马瑞 Vip：undefined 余额：0  |  收益：0  认证：否     "," 群友调教成都极品骚母狗  表面是御姐女神  私下里到了床上淫荡无比极其反差   活脱脱的人性肉便器 #今日大瓜  群友调教成都极品骚母狗  表面是御姐女神  私下里到了床上淫荡无比极其反差   活脱脱的人性肉便器  "," 图片：2  |  视频：1  点赞：5  |  浏览：2198  点赞(假)：0  |  浏览(假)：0  评论：6  来源标识： "," 审核：通过 资源：已完成 删除：未删除 订阅：否 置顶：0 | 置精：未置精 打赏次数：0 打赏收益：0 "," ip：113.247.38.47  城市：湖南 "," 创：2026-03-24 12:38:57 改：2026-03-31 19:23:01 ","0","视频","ake123(id: 256)","今日大瓜"
"317914","    Aff：421372732 , 黑料吃瓜马瑞 Vip：undefined 余额：0  |  收益：0  认证：否     "," 可爱的母狗私下特别风骚 #今日大瓜  可爱的母狗私下特别风骚 "," 图片：2  |  视频：1  点赞：5  |  浏览：1211  点赞(假)：0  |  浏览(假)：0  评论：1  来源标识： "," 审核：通过 资源：已完成 删除：未删除 订阅：否 置顶：0 | 置精：未置精 打赏次数：0 打赏收益：0 "," ip：113.247.38.47  城市：湖南 "," 创：2026-03-24 12:37:09 改：2026-03-30 05:26:53 ","0","视频","ake123(id: 256)","今日大瓜"
"317434","    Aff：487530676 , 骑射姐姐 Vip：undefined 余额：0  |  收益：0  认证：否     "," 家里面来客人了  我和姐姐在客厅操逼  扣逼   深喉姐姐的大奶子  姐姐叫哭了 #达人原创  今天家里面来了很多客人都是亲戚之内的这种关系在姐姐家吃了饭人太多家里面住不下了所以有一部分去了酒店姐.... "," 图片：3  |  视频：1  点赞：12  |  浏览：5443  点赞(假)：0  |  浏览(假)：0  评论：4  来源标识： "," 审核：通过 资源：已完成 删除：未删除 订阅：否 置顶：0 | 置精：未置精 打赏次数：0 打赏收益：0 "," ip：119.39.19.48  城市：湖南 "," 创：2026-03-23 21:08:36 改：2026-03-31 10:26:18 ","0","视频","ake123(id: 256)","达人原创"
"317203","    Aff：421376461 , 学生黑料 Vip：undefined 余额：0  |  收益：0  认证：否     "," 眼镜婊微胖自慰女神精神小妹福利姬53V视频大合集 #今日大瓜  眼镜婊微胖自慰女神精神小妹福利姬53V视频大合集 "," 图片：2  |  视频：1  点赞：68  |  浏览：7887  点赞(假)：0  |  浏览(假)：0  评论：6  来源标识： "," 审核：通过 资源：已完成 删除：未删除 订阅：否 置顶：0 | 置精：未置精 打赏次数：0 打赏收益：0 "," ip：113.246.23.81  城市：湖南 "," 创：2026-03-23 13:53:38 改：2026-03-31 19:22:42 ","0","视频","ake123(id: 256)","今日大瓜"
"317201","    Aff：421376461 , 学生黑料 Vip：undefined 余额：0  |  收益：0  认证：否     "," 生妹cos居家小女仆，围裙短裙下黑丝吊带，猫耳发箍俏皮可爱！跪地擦桌，翘臀高撅，蕾丝内裤若隐若现。 #今日大瓜  生妹cos居家小女仆，围裙短裙下黑丝吊带，猫耳发箍俏皮可爱！跪地擦桌，翘臀高撅，蕾丝内裤若隐若现。 "," 图片：1  |  视频：1  点赞：5  |  浏览：1580  点赞(假)：0  |  浏览(假)：0  评论：1  来源标识： "," 审核：通过 资源：已完成 删除：未删除 订阅：否 置顶：0 | 置精：未置精 打赏次数：0 打赏收益：0 "," ip：113.246.23.81  城市：湖南 "," 创：2026-03-23 13:52:46 改：2026-03-31 12:53:05 ","0","视频","ake123(id: 256)","今日大瓜"
"317199","    Aff：421375810 , 素人黑料 Vip：undefined 余额：0  |  收益：0  认证：否     "," 高颜少女大肉蜜桃臀嫩穴白虎馒头穴 #今日大瓜  高颜少女大肉蜜桃臀嫩穴白虎馒头穴   "," 图片：2  |  视频：1  点赞：3  |  浏览：2371  点赞(假)：0  |  浏览(假)：0  评论：0  来源标识： "," 审核：通过 资源：已完成 删除：未删除 订阅：否 置顶：0 | 置精：未置精 打赏次数：0 打赏收益：0 "," ip：113.246.23.81  城市：湖南 "," 创：2026-03-23 13:51:28 改：2026-03-31 01:42:43 ","0","视频","ake123(id: 256)","今日大瓜"
"317186","    Aff：421375810 , 素人黑料 Vip：undefined 余额：0  |  收益：0  认证：否     "," 骚母狗半夜发骚了对着镜子 #今日大瓜  骚母狗半夜发骚了对着镜子 "," 图片：1  |  视频：1  点赞：15  |  浏览：2011  点赞(假)：0  |  浏览(假)：0  评论：1  来源标识： "," 审核：通过 资源：已完成 删除：未删除 订阅：否 置顶：0 | 置精：未置精 打赏次数：0 打赏收益：0 "," ip：113.246.23.81  城市：湖南 "," 创：2026-03-23 13:40:14 改：2026-03-31 08:27:18 ","0","视频","ake123(id: 256)","今日大瓜"
"317178","    Aff：421373656 , 母狗大赛 Vip：undefined 余额：0  |  收益：0  认证：否     "," 极品母狗双飞多p，被主人狂操调教 #今日大瓜  极品母狗双飞多p，被主人狂操调教 "," 图片：2  |  视频：1  点赞：12  |  浏览：2164  点赞(假)：0  |  浏览(假)：0  评论：0  来源标识： "," 审核：通过 资源：已完成 删除：未删除 订阅：否 置顶：0 | 置精：未置精 打赏次数：0 打赏收益：0 "," ip：113.246.23.81  城市：湖南 "," 创：2026-03-23 13:30:15 改：2026-03-31 18:04:24 ","0","视频","ake123(id: 256)","今日大瓜"
"317176","    Aff：421373656 , 母狗大赛 Vip：undefined 余额：0  |  收益：0  认证：否     "," 极品翘臀萝莉撅着大屁股做爱时穿开档黑丝主动拿大屌插白虎嫩穴 #今日大瓜  极品翘臀萝莉撅着大屁股做爱时穿开档黑丝主动拿大屌插白虎嫩穴
 "," 图片：3  |  视频：1  点赞：0  |  浏览：0  点赞(假)：0  |  浏览(假)：0  评论：0  来源标识： "," 审核：通过 资源：未完成 删除：未删除 订阅：否 置顶：0 | 置精：未置精 打赏次数：0 打赏收益：0 "," ip：113.246.23.81  城市：湖南 "," 创：2026-03-23 13:29:06 改：2026-03-23 14:13:26 ","0","视频","ake123(id: 256)","今日大瓜"
"317166","    Aff：421373213 , 走光黑料 Vip：undefined 余额：0  |  收益：0  认证：否     "," 超嫩的眼镜学生妹，超清纯的样子，私下里给金主定制自拍视频 #今日大瓜  超嫩的眼镜学生妹，超清纯的样子，私下里给金主定制自拍视频
 "," 图片：2  |  视频：1  点赞：23  |  浏览：3101  点赞(假)：0  |  浏览(假)：0  评论：0  来源标识： "," 审核：通过 资源：已完成 删除：未删除 订阅：否 置顶：0 | 置精：未置精 打赏次数：0 打赏收益：0 "," ip：113.246.23.81  城市：湖南 "," 创：2026-03-23 13:23:02 改：2026-03-31 18:13:55 ","0","视频","ake123(id: 256)","今日大瓜"
"317164","    Aff：421373213 , 走光黑料 Vip：undefined 余额：0  |  收益：0  认证：否     "," 看似清纯可爱的小妹妹，背地里却是别人已经调教好的骚母狗 #今日大瓜  看似清纯可爱的小妹妹，背地里却是别人已经调教好的骚母狗 "," 图片：0  |  视频：1  点赞：6  |  浏览：2172  点赞(假)：0  |  浏览(假)：0  评论：0  来源标识： "," 审核：通过 资源：已完成 删除：未删除 订阅：否 置顶：0 | 置精：未置精 打赏次数：0 打赏收益：0 "," ip：113.246.23.81  城市：湖南 "," 创：2026-03-23 13:22:30 改：2026-03-31 02:38:13 ","0","视频","ake123(id: 256)","今日大瓜"
"317163","    Aff：421373213 , 走光黑料 Vip：undefined 余额：0  |  收益：0  认证：否     "," 高颜值羊羊子，伪娘本色，宿舍里她穿女仆装，镜前自拍扭臀：“哥哥们，来玩羊羊吧。 #今日大瓜  高颜值羊羊子，伪娘本色，宿舍里她穿女仆装，镜前自拍扭臀：“哥哥们，来玩羊羊吧。 "," 图片：2  |  视频：1  点赞：11  |  浏览：2231  点赞(假)：0  |  浏览(假)：0  评论：3  来源标识： "," 审核：通过 资源：已完成 删除：未删除 订阅：否 置顶：0 | 置精：未置精 打赏次数：0 打赏收益：0 "," ip：113.246.23.81  城市：湖南 "," 创：2026-03-23 13:21:26 改：2026-03-31 13:45:15 ","0","视频","ake123(id: 256)","今日大瓜"
"317148","    Aff：421372732 , 黑料吃瓜马瑞 Vip：undefined 余额：0  |  收益：0  认证：否     "," 碧眼超高颜少女大肉蜜桃臀嫩穴白虎馒头穴 #今日大瓜  碧眼超高颜少女大肉蜜桃臀嫩穴白虎馒头穴  
 "," 图片：2  |  视频：1  点赞：0  |  浏览：0  点赞(假)：0  |  浏览(假)：0  评论：0  来源标识： "," 审核：通过 资源：未完成 删除：未删除 订阅：否 置顶：0 | 置精：未置精 打赏次数：0 打赏收益：0 "," ip：113.246.23.81  城市：湖南 "," 创：2026-03-23 13:05:53 改：2026-03-23 14:13:13 ","0","视频","ake123(id: 256)","今日大瓜"
"317144","    Aff：421372732 , 黑料吃瓜马瑞 Vip：undefined 余额：0  |  收益：0  认证：否     "," 极品母狗双飞多p，被主人狂操调教 #今日大瓜  极品母狗双飞多p，被主人狂操调教
 "," 图片：2  |  视频：1  点赞：3  |  浏览：794  点赞(假)：0  |  浏览(假)：0  评论：0  来源标识： "," 审核：通过 资源：已完成 删除：未删除 订阅：否 置顶：0 | 置精：未置精 打赏次数：0 打赏收益：0 "," ip：113.246.23.81  城市：湖南 "," 创：2026-03-23 13:00:45 改：2026-03-31 11:11:49 ","0","视频","ake123(id: 256)","今日大瓜"
"315449","    Aff：421376461 , 学生黑料 Vip：undefined 余额：0  |  收益：0  认证：否     "," 清纯学生妹发育超好和男友开房穿着黑丝和男友调情 #今日大瓜  清纯学生妹发育超好和男友开房穿着黑丝和男友调情 "," 图片：2  |  视频：1  点赞：0  |  浏览：0  点赞(假)：0  |  浏览(假)：0  评论：0  来源标识： "," 审核：通过 资源：未完成 删除：未删除 订阅：否 置顶：0 | 置精：未置精 打赏次数：0 打赏收益：0 "," ip：119.39.19.48  城市：湖南 "," 创：2026-03-21 12:56:10 改：2026-03-21 14:37:21 ","0","视频","ake123(id: 256)","今日大瓜"
"315448","    Aff：421376461 , 学生黑料 Vip：undefined 余额：0  |  收益：0  认证：否     "," 清纯学生妹发育超好和男友开房穿着黑丝和男友调情 #今日大瓜  清纯学生妹发育超好和男友开房穿着黑丝和男友调情 "," 图片：2  |  视频：1  点赞：4  |  浏览：3838  点赞(假)：0  |  浏览(假)：0  评论：0  来源标识： "," 审核：通过 资源：已完成 删除：未删除 订阅：否 置顶：0 | 置精：未置精 打赏次数：0 打赏收益：0 "," ip：119.39.19.48  城市：湖南 "," 创：2026-03-21 12:55:22 改：2026-03-30 21:30:21 ","0","视频","ake123(id: 256)","今日大瓜"
"315447","    Aff：421375810 , 素人黑料 Vip：undefined 余额：0  |  收益：0  认证：否     "," 高颜值女大学生大长腿没想到这么反差偷偷在外面啪啪 #今日大瓜  高颜值女大学生大长腿没想到这么反差偷偷在外面啪啪 "," 图片：2  |  视频：1  点赞：18  |  浏览：5959  点赞(假)：0  |  浏览(假)：0  评论：13  来源标识： "," 审核：通过 资源：已完成 删除：未删除 订阅：否 置顶：0 | 置精：未置精 打赏次数：0 打赏收益：0 "," ip：119.39.19.48  城市：湖南 "," 创：2026-03-21 12:54:22 改：2026-03-31 09:17:47 ","0","视频","ake123(id: 256)","今日大瓜"
"315444","    Aff：421375810 , 素人黑料 Vip：undefined 余额：0  |  收益：0  认证：否     "," 极品清纯可爱学生妹，朋友圈竟然发去旅游的精美生活照，没想到是被金主带去海边旅游，白天游山玩水 晚上看 #今日大瓜  极品清纯可爱学生妹，朋友圈竟然发去旅游的精美生活照，没想到是被金主带去海边旅游，白天游山玩水 晚上看 "," 图片：2  |  视频：1  点赞：0  |  浏览：0  点赞(假)：0  |  浏览(假)：0  评论：0  来源标识： "," 审核：通过 资源：未完成 删除：未删除 订阅：否 置顶：0 | 置精：未置精 打赏次数：0 打赏收益：0 "," ip：119.39.19.48  城市：湖南 "," 创：2026-03-21 12:52:52 改：2026-03-21 12:55:06 ","0","视频","ake123(id: 256)","今日大瓜"
